{"2":{"id":2,"element":1,"element_lv":2,"lv":132,"monsters":"[[100001,1]]","monsters_times":0.2,"hp_rate":8044.308239999986},"3":{"id":3,"element":1,"element_lv":3,"lv":144,"monsters":"[[100001,1]]","monsters_times":0.2,"hp_rate":19392.642559999982},"4":{"id":4,"element":1,"element_lv":4,"lv":156,"monsters":"[[100001,1]]","monsters_times":0.2,"hp_rate":49588.10591999997},"5":{"id":5,"element":1,"element_lv":5,"lv":168,"monsters":"[[100001,1]]","monsters_times":0.2,"hp_rate":133688.6078399999},"6":{"id":6,"element":1,"element_lv":6,"lv":180,"monsters":"[[100001,1]]","monsters_times":0.2,"hp_rate":330484.0419999999},"7":{"id":7,"element":1,"element_lv":7,"lv":192,"monsters":"[[100001,1]]","monsters_times":0.2,"hp_rate":655612.9740768004},"8":{"id":8,"element":1,"element_lv":8,"lv":204,"monsters":"[[100001,1]]","monsters_times":0.2,"hp_rate":1637300.2929216025},"9":{"id":9,"element":1,"element_lv":9,"lv":216,"monsters":"[[100001,1]]","monsters_times":0.2,"hp_rate":3199943.0854080087},"10":{"id":10,"element":1,"element_lv":10,"lv":228,"monsters":"[[100001,1]]","monsters_times":0.2,"hp_rate":6046834.545369617},"11":{"id":11,"element":1,"element_lv":11,"lv":240,"monsters":"[[100001,1]]","monsters_times":0.2,"hp_rate":10803099.747840036},"12":{"id":12,"element":1,"element_lv":12,"lv":252,"monsters":"[[100001,1]]","monsters_times":0.2,"hp_rate":18784960.11786247},"13":{"id":13,"element":1,"element_lv":13,"lv":264,"monsters":"[[100001,1]]","monsters_times":0.2,"hp_rate":32924983.975116946},"14":{"id":14,"element":1,"element_lv":14,"lv":276,"monsters":"[[100001,1]]","monsters_times":0.2,"hp_rate":58278980.42081308},"15":{"id":15,"element":1,"element_lv":15,"lv":288,"monsters":"[[100001,1]]","monsters_times":0.2,"hp_rate":95292393.91459255},"16":{"id":16,"element":1,"element_lv":16,"lv":300,"monsters":"[[100001,1]]","monsters_times":0.2,"hp_rate":147571011.63200098},"17":{"id":17,"element":1,"element_lv":17,"lv":312,"monsters":"[[100001,1]]","monsters_times":0.2,"hp_rate":334955208.00000006},"18":{"id":18,"element":1,"element_lv":18,"lv":324,"monsters":"[[100001,1]]","monsters_times":0.2,"hp_rate":1860804024.0000002},"19":{"id":19,"element":1,"element_lv":19,"lv":336,"monsters":"[[100001,1]]","monsters_times":0.2,"hp_rate":5026114632},"20":{"id":20,"element":1,"element_lv":20,"lv":348,"monsters":"[[100001,1]]","monsters_times":0.2,"hp_rate":10462190592.000002},"21":{"id":21,"element":1,"element_lv":21,"lv":360,"monsters":"[[100001,1]]","monsters_times":0.2,"hp_rate":18970439040.000004},"22":{"id":22,"element":2,"element_lv":1,"lv":120,"monsters":"[[100002,1]]","monsters_times":2,"hp_rate":3690.086399999991},"23":{"id":23,"element":2,"element_lv":2,"lv":132,"monsters":"[[100002,1]]","monsters_times":2,"hp_rate":8044.308239999986},"24":{"id":24,"element":2,"element_lv":3,"lv":144,"monsters":"[[100002,1]]","monsters_times":2,"hp_rate":19392.642559999982},"25":{"id":25,"element":2,"element_lv":4,"lv":156,"monsters":"[[100002,1]]","monsters_times":2,"hp_rate":49588.10591999997},"26":{"id":26,"element":2,"element_lv":5,"lv":168,"monsters":"[[100002,1]]","monsters_times":2,"hp_rate":133688.6078399999},"27":{"id":27,"element":2,"element_lv":6,"lv":180,"monsters":"[[100002,1]]","monsters_times":2,"hp_rate":330484.0419999999},"28":{"id":28,"element":2,"element_lv":7,"lv":192,"monsters":"[[100002,1]]","monsters_times":2,"hp_rate":655612.9740768004},"29":{"id":29,"element":2,"element_lv":8,"lv":204,"monsters":"[[100002,1]]","monsters_times":2,"hp_rate":1637300.2929216025},"30":{"id":30,"element":2,"element_lv":9,"lv":216,"monsters":"[[100002,1]]","monsters_times":2,"hp_rate":3199943.0854080087},"31":{"id":31,"element":2,"element_lv":10,"lv":228,"monsters":"[[100002,1]]","monsters_times":2,"hp_rate":6046834.545369617},"32":{"id":32,"element":2,"element_lv":11,"lv":240,"monsters":"[[100002,1]]","monsters_times":2,"hp_rate":10803099.747840036},"33":{"id":33,"element":2,"element_lv":12,"lv":252,"monsters":"[[100002,1]]","monsters_times":2,"hp_rate":18784960.11786247},"34":{"id":34,"element":2,"element_lv":13,"lv":264,"monsters":"[[100002,1]]","monsters_times":2,"hp_rate":32924983.975116946},"35":{"id":35,"element":2,"element_lv":14,"lv":276,"monsters":"[[100002,1]]","monsters_times":2,"hp_rate":58278980.42081308},"36":{"id":36,"element":2,"element_lv":15,"lv":288,"monsters":"[[100002,1]]","monsters_times":2,"hp_rate":95292393.91459255},"37":{"id":37,"element":2,"element_lv":16,"lv":300,"monsters":"[[100002,1]]","monsters_times":2,"hp_rate":147571011.63200098},"38":{"id":38,"element":2,"element_lv":17,"lv":312,"monsters":"[[100002,1]]","monsters_times":2,"hp_rate":334955208.00000006},"39":{"id":39,"element":2,"element_lv":18,"lv":324,"monsters":"[[100002,1]]","monsters_times":2,"hp_rate":1860804024.0000002},"40":{"id":40,"element":2,"element_lv":19,"lv":336,"monsters":"[[100002,1]]","monsters_times":2,"hp_rate":5026114632},"41":{"id":41,"element":2,"element_lv":20,"lv":348,"monsters":"[[100002,1]]","monsters_times":2,"hp_rate":10462190592.000002},"42":{"id":42,"element":2,"element_lv":21,"lv":360,"monsters":"[[100002,1]]","monsters_times":2,"hp_rate":18970439040.000004},"43":{"id":43,"element":3,"element_lv":1,"lv":120,"monsters":"[[100003,1]]","monsters_times":0.8,"hp_rate":3690.086399999991},"44":{"id":44,"element":3,"element_lv":2,"lv":132,"monsters":"[[100003,1]]","monsters_times":0.8,"hp_rate":8044.308239999986},"45":{"id":45,"element":3,"element_lv":3,"lv":144,"monsters":"[[100003,1]]","monsters_times":0.8,"hp_rate":19392.642559999982},"46":{"id":46,"element":3,"element_lv":4,"lv":156,"monsters":"[[100003,1]]","monsters_times":0.8,"hp_rate":49588.10591999997},"47":{"id":47,"element":3,"element_lv":5,"lv":168,"monsters":"[[100003,1]]","monsters_times":0.8,"hp_rate":133688.6078399999},"48":{"id":48,"element":3,"element_lv":6,"lv":180,"monsters":"[[100003,1]]","monsters_times":0.8,"hp_rate":330484.0419999999},"49":{"id":49,"element":3,"element_lv":7,"lv":192,"monsters":"[[100003,1]]","monsters_times":0.8,"hp_rate":655612.9740768004},"50":{"id":50,"element":3,"element_lv":8,"lv":204,"monsters":"[[100003,1]]","monsters_times":0.8,"hp_rate":1637300.2929216025},"51":{"id":51,"element":3,"element_lv":9,"lv":216,"monsters":"[[100003,1]]","monsters_times":0.8,"hp_rate":3199943.0854080087},"52":{"id":52,"element":3,"element_lv":10,"lv":228,"monsters":"[[100003,1]]","monsters_times":0.8,"hp_rate":6046834.545369617},"53":{"id":53,"element":3,"element_lv":11,"lv":240,"monsters":"[[100003,1]]","monsters_times":0.8,"hp_rate":10803099.747840036},"54":{"id":54,"element":3,"element_lv":12,"lv":252,"monsters":"[[100003,1]]","monsters_times":0.8,"hp_rate":18784960.11786247},"55":{"id":55,"element":3,"element_lv":13,"lv":264,"monsters":"[[100003,1]]","monsters_times":0.8,"hp_rate":32924983.975116946},"56":{"id":56,"element":3,"element_lv":14,"lv":276,"monsters":"[[100003,1]]","monsters_times":0.8,"hp_rate":58278980.42081308},"57":{"id":57,"element":3,"element_lv":15,"lv":288,"monsters":"[[100003,1]]","monsters_times":0.8,"hp_rate":95292393.91459255},"58":{"id":58,"element":3,"element_lv":16,"lv":300,"monsters":"[[100003,1]]","monsters_times":0.8,"hp_rate":147571011.63200098},"59":{"id":59,"element":3,"element_lv":17,"lv":312,"monsters":"[[100003,1]]","monsters_times":0.8,"hp_rate":334955208.00000006},"60":{"id":60,"element":3,"element_lv":18,"lv":324,"monsters":"[[100003,1]]","monsters_times":0.8,"hp_rate":1860804024.0000002},"61":{"id":61,"element":3,"element_lv":19,"lv":336,"monsters":"[[100003,1]]","monsters_times":0.8,"hp_rate":5026114632},"62":{"id":62,"element":3,"element_lv":20,"lv":348,"monsters":"[[100003,1]]","monsters_times":0.8,"hp_rate":10462190592.000002},"63":{"id":63,"element":3,"element_lv":21,"lv":360,"monsters":"[[100003,1]]","monsters_times":0.8,"hp_rate":18970439040.000004},"64":{"id":64,"element":4,"element_lv":1,"lv":120,"monsters":"[[100004,1]]","monsters_times":0.1,"hp_rate":3690.086399999991},"65":{"id":65,"element":4,"element_lv":2,"lv":132,